Daytime/evening attendance	,Previous qualification (grade),Admission grade,Age at enrollment,Curricular units 1st sem (credited),Curricular units 1st sem (enrolled),Curricular units 1st sem (evaluations),Curricular units 1st sem (approved),Curricular units 1st sem (grade),Curricular units 1st sem (without evaluations),Curricular units 2nd sem (credited),Curricular units 2nd sem (enrolled),Curricular units 2nd sem (evaluations),Curricular units 2nd sem (approved),Curricular units 2nd sem (grade),Curricular units 2nd sem (without evaluations),Unemployment rate,Inflation rate,GDP
3539.0,3539.0,3539.0,3539.0,3539.0,3539.0,3539.0,3539.0,3539.0,3539.0,3539.0,3539.0,3539.0,3539.0,3539.0,3539.0,3539.0,3539.0,3539.0
0.8861260243006499,132.64939248375245,126.85193557502119,23.204012432890647,0.6835264198926251,6.220683808985589,8.248375247244985,4.69341621927098,10.626387407802433,0.1319581802769144,0.5247244984458886,6.181407177168691,8.021474992935858,4.428087030234529,10.227644236312576,0.1449562023170387,11.563181689742867,1.2362531788640858,0.008917773382311391
0.3177030282935134,13.239905614339204,14.485637359929221,7.427674692329018,2.2750116996500465,2.464825813958257,4.2020977209662185,3.0649810284718466,4.848717845777011,0.6786278531636398,1.8585194577970858,2.187606839335992,3.9546742277650626,2.9831090419256783,5.212690452194678,0.7390882249386134,2.669146865549702,1.379310778679269,2.2732846517117697
0.0,95.0,95.0,17.0,0.0,0.0,0.0,0.0,0.0,0.0,0.0,0.0,0.0,0.0,0.0,0.0,7.6,-0.8,-4.06
1.0,125.0,117.8,19.0,0.0,5.0,6.0,3.0,11.0,0.0,0.0,5.0,6.0,2.0,10.8,0.0,9.4,0.3,-1.7
1.0,133.1,126.1,20.0,0.0,6.0,8.0,5.0,12.324285714285711,0.0,0.0,6.0,8.0,5.0,12.2,0.0,11.1,1.4,0.32
1.0,140.0,134.7,25.0,0.0,7.0,10.0,6.0,13.4,0.0,0.0,7.0,10.0,6.0,13.333333333333334,0.0,13.9,2.6,1.79
1.0,190.0,190.0,70.0,20.0,26.0,45.0,26.0,18.875,12.0,18.0,23.0,33.0,20.0,18.571428571428573,12.0,16.2,3.7,3.51
